Mossaid;Abdelmoughit;abdelmoughit.mossaid@eidia.ueuromed.org;abdelmoughit.mossaid;dXSOEYrn;etudiant;1
Zouizra;Nizar;nizar.zouizra@eidia.ueuromed.org;nizar.zouizra;YSdJa65u;etudiant;1
Kissiri;Nourddine;nourddine.kissiri@eidia.ueuromed.org;nourddine.kissiri;y9TxRSOr;etudiant;1
Filali;Omar;omar.filali@eidia.ueuromed.org;omar.filali;APBYiVUH;etudiant;1
Kabbaj;Zineb;zineb.kabbaj@eidia.ueuromed.org;zineb.kabbaj;QNijw3x3;etudiant;1
Bennani;Yassine;yassine.bennani@eidia.ueuromed.org;yassine.bennani;ZxWpGU1d;etudiant;1
Kabbaj;Houda;houda.kabbaj@eidia.ueuromed.org;houda.kabbaj;rnrC70sJ;etudiant;1
Berrada;Oussama;oussama.berrada@eidia.ueuromed.org;oussama.berrada;ruc93z2T;etudiant;1
Tahiri;Walid;walid.tahiri@eidia.ueuromed.org;walid.tahiri;8fxsbpXZ;etudiant;1
Zouhair;Ghita;ghita.zouhair@eidia.ueuromed.org;ghita.zouhair;C058GFxK;etudiant;1
Chraibi;Rania;rania.chraibi@eidia.ueuromed.org;rania.chraibi;QtE0es3D;etudiant;1
Idrissi;Hassan;hassan.idrissi@eidia.ueuromed.org;hassan.idrissi;iOVE2NFX;etudiant;1
Tahiri;Ghita;ghita.tahiri@eidia.ueuromed.org;ghita.tahiri;4DXR2K35;etudiant;1
Chaoui;Asmaa;asmaa.chaoui@eidia.ueuromed.org;asmaa.chaoui;zSqsDepl;etudiant;1
Kadiri;Manal;manal.kadiri@eidia.ueuromed.org;manal.kadiri;lwTLrdXd;etudiant;1
Zouhair;Brahim;brahim.zouhair@eidia.ueuromed.org;brahim.zouhair;q55H9dxV;etudiant;1
Kadiri;Zineb;zineb.kadiri@eidia.ueuromed.org;zineb.kadiri;pFJwUOYO;etudiant;1
Tahiri;Noura;noura.tahiri@eidia.ueuromed.org;noura.tahiri;9UI6NQta;etudiant;1
Benjelloun;Salma;salma.benjelloun@eidia.ueuromed.org;salma.benjelloun;oEGA3R6V;etudiant;1
Idrissi;Aya;aya.idrissi@eidia.ueuromed.org;aya.idrissi;KZPCtXU9;etudiant;1
Sefrioui;Zineb;zineb.sefrioui@eidia.ueuromed.org;zineb.sefrioui;pacb1Crn;etudiant;1
Alami;Manal;manal.alami@eidia.ueuromed.org;manal.alami;iWkLH3Cs;etudiant;1
Mernissi;Khalid;khalid.mernissi@eidia.ueuromed.org;khalid.mernissi;xckAB3G5;etudiant;1
Talbi;Rania;rania.talbi@eidia.ueuromed.org;rania.talbi;UioVxAuh;etudiant;1
Chraibi;Manal;manal.chraibi@eidia.ueuromed.org;manal.chraibi;RdbdZ5sL;etudiant;1
Raiss;Manal;manal.raiss@eidia.ueuromed.org;manal.raiss;cqkwquXq;etudiant;1
Kadiri;Lamia;lamia.kadiri@eidia.ueuromed.org;lamia.kadiri;ITwOUCJp;etudiant;1
Fassi;Mehdi;mehdi.fassi@eidia.ueuromed.org;mehdi.fassi;qE3EhYVh;etudiant;1
Raiss;Youssef;youssef.raiss@eidia.ueuromed.org;youssef.raiss;NmNPSQXi;etudiant;1
Zouhair;Khalid;khalid.zouhair@eidia.ueuromed.org;khalid.zouhair;9YAPEJF7;etudiant;1
Mernissi;Rim;rim.mernissi@eidia.ueuromed.org;rim.mernissi;rbidsmFG;etudiant;1
Daoudi;Walid;walid.daoudi@eidia.ueuromed.org;walid.daoudi;MnKOd8fN;etudiant;1
Lahlou;Salma;salma.lahlou@eidia.ueuromed.org;salma.lahlou;p0tEWqwf;etudiant;1
Tazi;Najat;najat.tazi@eidia.ueuromed.org;najat.tazi;bsd1sfwa;etudiant;1
Slaoui;Amine;amine.slaoui@eidia.ueuromed.org;amine.slaoui;8I8YQP1h;etudiant;1
Naciri;Ahmed;ahmed.naciri@eidia.ueuromed.org;ahmed.naciri;YzsblEl1;etudiant;1
Zouhair;Yassine;yassine.zouhair@eidia.ueuromed.org;yassine.zouhair;zTBKBmbn;etudiant;1
Guessous;Sofia;sofia.guessous@eidia.ueuromed.org;sofia.guessous;9JSRzSY2;etudiant;1
Bennani;Taha;taha.bennani@eidia.ueuromed.org;taha.bennani;76tqmOtA;etudiant;1
Filali;Fatima;fatima.filali@eidia.ueuromed.org;fatima.filali;D2XOQ6FX;etudiant;1
Tazi;Rania;rania.tazi@eidia.ueuromed.org;rania.tazi;0hfookKy;etudiant;1
Raiss;Sanae;sanae.raiss@eidia.ueuromed.org;sanae.raiss;pdVzMSwD;etudiant;1
Mernissi;Saad;saad.mernissi@eidia.ueuromed.org;saad.mernissi;Yn3FEi65;etudiant;1
Filali;Omar;omar.filali2@eidia.ueuromed.org;omar.filali2;lxKsU5MF;etudiant;1
Chraibi;Mehdi;mehdi.chraibi@eidia.ueuromed.org;mehdi.chraibi;fW1xKO9J;etudiant;1
Zouhair;Ahmed;ahmed.zouhair@eidia.ueuromed.org;ahmed.zouhair;owv5XBqc;etudiant;1
Tazi;Kaoutar;kaoutar.tazi@eidia.ueuromed.org;kaoutar.tazi;qkytbvH0;etudiant;1
Slaoui;Latifa;latifa.slaoui@eidia.ueuromed.org;latifa.slaoui;DxwpWyVc;etudiant;1
Idrissi;Latifa;latifa.idrissi@eidia.ueuromed.org;latifa.idrissi;oDC9cy3I;etudiant;1
Benjelloun;Anas;anas.benjelloun@eidia.ueuromed.org;anas.benjelloun;iKVgazjs;etudiant;1
Tahiri;Mohamed;mohamed.tahiri@eidia.ueuromed.org;mohamed.tahiri;F5kO7Mlv;etudiant;1
Chraibi;Meryem;meryem.chraibi@eidia.ueuromed.org;meryem.chraibi;ImUtFr4h;etudiant;1
Idrissi;Imane;imane.idrissi@eidia.ueuromed.org;imane.idrissi;2TxfhdDf;etudiant;1
Berrada;Omar;omar.berrada@eidia.ueuromed.org;omar.berrada;1kRqTxK3;etudiant;1
Talbi;Rim;rim.talbi@eidia.ueuromed.org;rim.talbi;Y1lc1ULU;etudiant;1
Alami;Youssef;youssef.alami@eidia.ueuromed.org;youssef.alami;pyFoSekQ;etudiant;1
Slaoui;Najat;najat.slaoui@eidia.ueuromed.org;najat.slaoui;5PVvHwCa;etudiant;1
Berrada;Ghita;ghita.berrada@eidia.ueuromed.org;ghita.berrada;ZKkzRixT;etudiant;1
Chaoui;Sanae;sanae.chaoui@eidia.ueuromed.org;sanae.chaoui;lqi5nXnd;etudiant;1
Benali;Amine;amine.benali@eidia.ueuromed.org;amine.benali;SZq6OBca;etudiant;1
Raiss;Youssef;youssef.raiss2@eidia.ueuromed.org;youssef.raiss2;JLCrdQyu;etudiant;1
Lahlou;Meryem;meryem.lahlou@eidia.ueuromed.org;meryem.lahlou;GV85eOH0;etudiant;1
Chaoui;Amine;amine.chaoui@eidia.ueuromed.org;amine.chaoui;1JhQU32e;etudiant;1
Benjelloun;Anas;anas.benjelloun2@eidia.ueuromed.org;anas.benjelloun2;ZDR1jCa4;etudiant;1
Sefrioui;Rim;rim.sefrioui@eidia.ueuromed.org;rim.sefrioui;ttjiY60T;etudiant;1
Bennis;Driss;driss.bennis@eidia.ueuromed.org;driss.bennis;8GFoZE6V;etudiant;1
