Bennis;Taha;taha.bennis2@eidia.ueuromed.org;taha.bennis2;NY6bshtp;etudiant;5
Benali;Sarah;sarah.benali@eidia.ueuromed.org;sarah.benali;Mpcx5J86;etudiant;5
Bennani;Brahim;brahim.bennani@eidia.ueuromed.org;brahim.bennani;3KTePTkx;etudiant;5
Bennani;Hassan;hassan.bennani@eidia.ueuromed.org;hassan.bennani;UyPdJPBL;etudiant;5
Bennani;Ahmed;ahmed.bennani@eidia.ueuromed.org;ahmed.bennani;Yoeh3Rg3;etudiant;5
Kadiri;Meryem;meryem.kadiri@eidia.ueuromed.org;meryem.kadiri;71p3vLeB;etudiant;5
Tazi;Ahmed;ahmed.tazi2@eidia.ueuromed.org;ahmed.tazi2;TrUndjuH;etudiant;5
Jettou;Manal;manal.jettou@eidia.ueuromed.org;manal.jettou;zRp7nCPk;etudiant;5
Guedira;Sanae;sanae.guedira@eidia.ueuromed.org;sanae.guedira;KHoNxrDO;etudiant;5
Mernissi;Mohamed;mohamed.mernissi@eidia.ueuromed.org;mohamed.mernissi;biSsbKtb;etudiant;5
Talbi;Amine;amine.talbi@eidia.ueuromed.org;amine.talbi;zUFUu7HF;etudiant;5
Filali;Sarah;sarah.filali@eidia.ueuromed.org;sarah.filali;QHGYHbMw;etudiant;5
Idrissi;Mohamed;mohamed.idrissi@eidia.ueuromed.org;mohamed.idrissi;gV4HBLBV;etudiant;5
Zouhair;Hassan;hassan.zouhair@eidia.ueuromed.org;hassan.zouhair;aYWjJiS0;etudiant;5
Idrissi;Asmaa;asmaa.idrissi@eidia.ueuromed.org;asmaa.idrissi;VcWbeuSo;etudiant;5
Ouazzani;Lamia;lamia.ouazzani@eidia.ueuromed.org;lamia.ouazzani;qOoRl8aX;etudiant;5
Bennis;Brahim;brahim.bennis@eidia.ueuromed.org;brahim.bennis;6qXuC4jS;etudiant;5
Tahiri;Salma;salma.tahiri@eidia.ueuromed.org;salma.tahiri;qyeOn2ex;etudiant;5
Lahlou;Ghita;ghita.lahlou@eidia.ueuromed.org;ghita.lahlou;Jx8VeqTJ;etudiant;5
Ouazzani;Najat;najat.ouazzani@eidia.ueuromed.org;najat.ouazzani;noCNGrUz;etudiant;5
Naciri;Sofia;sofia.naciri@eidia.ueuromed.org;sofia.naciri;xfn0XaTq;etudiant;5
Tazi;Youssef;youssef.tazi@eidia.ueuromed.org;youssef.tazi;EBIIh1TO;etudiant;5
Bennis;Mehdi;mehdi.bennis@eidia.ueuromed.org;mehdi.bennis;5QfVbkNg;etudiant;5
Idrissi;Hamza;hamza.idrissi@eidia.ueuromed.org;hamza.idrissi;7i59xhxB;etudiant;5
Zouhair;Reda;reda.zouhair@eidia.ueuromed.org;reda.zouhair;nz6l1JrM;etudiant;5
