Oussama Berrada;oussama.berrada@eidia.ueuromed.org;oussama.berrada;z7fwk83j
Fatima Ouazzani;fatima.ouazzani@eidia.ueuromed.org;fatima.ouazzani;am6bqujm
Imane Chaoui;imane.chaoui@eidia.ueuromed.org;imane.chaoui;rpkkre54
Sanae Kadiri;sanae.kadiri@eidia.ueuromed.org;sanae.kadiri;kwvbbz0t
Reda Filali;reda.filali@eidia.ueuromed.org;reda.filali;d5immh9d
Houda Benjelloun;houda.benjelloun2@eidia.ueuromed.org;houda.benjelloun2;ggtvuk88
Fatima Benjelloun;fatima.benjelloun@eidia.ueuromed.org;fatima.benjelloun;dxl2x6zl
Salma Tazi;salma.tazi@eidia.ueuromed.org;salma.tazi;y5kxwadm
Asmaa Mansouri;asmaa.mansouri2@eidia.ueuromed.org;asmaa.mansouri2;gpb31gci
Kenza Bennani;kenza.bennani@eidia.ueuromed.org;kenza.bennani;r29m0spy
Ismail Benali;ismail.benali@eidia.ueuromed.org;ismail.benali;wdb0u7ty
Meryem Idrissi;meryem.idrissi2@eidia.ueuromed.org;meryem.idrissi2;nm0fpi2d
Manal Talbi;manal.talbi@eidia.ueuromed.org;manal.talbi;ileihiyv
Ismail Alami;ismail.alami@eidia.ueuromed.org;ismail.alami;fsiyyzr7
Rim Zerrad;rim.zerrad@eidia.ueuromed.org;rim.zerrad;w944olr4
Manal Raiss;manal.raiss@eidia.ueuromed.org;manal.raiss;zy3efjfw
Mehdi Fassi;mehdi.fassi2@eidia.ueuromed.org;mehdi.fassi2;wj3sn4sb
Youssef Mansouri;youssef.mansouri@eidia.ueuromed.org;youssef.mansouri;f4jlmqgx
Lamia Mansouri;lamia.mansouri@eidia.ueuromed.org;lamia.mansouri;4s76ej8o
Ali Filali;ali.filali@eidia.ueuromed.org;ali.filali;devhrext
Zineb Mernissi;zineb.mernissi@eidia.ueuromed.org;zineb.mernissi;i09kjg4b
Ghita Chaoui;ghita.chaoui@eidia.ueuromed.org;ghita.chaoui;zuon75gg
Walid Idrissi;walid.idrissi@eidia.ueuromed.org;walid.idrissi;2rd38b9x
Sarah Mansouri;sarah.mansouri@eidia.ueuromed.org;sarah.mansouri;v3x3nhkl
Mehdi Alami;mehdi.alami@eidia.ueuromed.org;mehdi.alami;6auq8mg4
Karim Benjelloun;karim.benjelloun@eidia.ueuromed.org;karim.benjelloun;blvhlkk5
Nizar Tahiri;nizar.tahiri@eidia.ueuromed.org;nizar.tahiri;k9m7zwi2
Saad Slaoui;saad.slaoui@eidia.ueuromed.org;saad.slaoui;iq2syqoe
Anas Bennani;anas.bennani@eidia.ueuromed.org;anas.bennani;l4tpjra7
Kaoutar Chaoui;kaoutar.chaoui@eidia.ueuromed.org;kaoutar.chaoui;qx80i0gd
Houda Ouazzani;houda.ouazzani@eidia.ueuromed.org;houda.ouazzani;ve2n2gws
Sanae Kabbaj;sanae.kabbaj@eidia.ueuromed.org;sanae.kabbaj;owserw3j
Kenza Raiss;kenza.raiss@eidia.ueuromed.org;kenza.raiss;yylg1l1j
Rim Idrissi;rim.idrissi@eidia.ueuromed.org;rim.idrissi;l0c29hz6
Oussama Kabbaj;oussama.kabbaj@eidia.ueuromed.org;oussama.kabbaj;41foxlc6
Bilal Mansouri;bilal.mansouri@eidia.ueuromed.org;bilal.mansouri;wdr62vzo
Omar Daoudi;omar.daoudi@eidia.ueuromed.org;omar.daoudi;xrrbsy4t
Salma Tazi;salma.tazi2@eidia.ueuromed.org;salma.tazi2;rgjrka1v
Bilal Alami;bilal.alami@eidia.ueuromed.org;bilal.alami;63ase0nt
Asmaa Fassi;asmaa.fassi@eidia.ueuromed.org;asmaa.fassi;1pag2bvl
Manal Mansouri;manal.mansouri@eidia.ueuromed.org;manal.mansouri;0it5ukly
Anas Naciri;anas.naciri@eidia.ueuromed.org;anas.naciri;6myzw00y
Nizar Slaoui;nizar.slaoui@eidia.ueuromed.org;nizar.slaoui;1r8qyfhe
Reda Ouazzani;reda.ouazzani@eidia.ueuromed.org;reda.ouazzani;m0ednf3t
Walid Guedira;walid.guedira@eidia.ueuromed.org;walid.guedira;h2bs94vu
