Youssef Kadiri;youssef.kadiri@eidia.ueuromed.org;youssef.kadiri;fnfxg6cv
Walid Tahiri;walid.tahiri@eidia.ueuromed.org;walid.tahiri;8pheywkt
Sofia Ouazzani;sofia.ouazzani@eidia.ueuromed.org;sofia.ouazzani;tb3ss96v
Houda Bennani;houda.bennani2@eidia.ueuromed.org;houda.bennani2;ur1w3whp
Taha Chraibi;taha.chraibi@eidia.ueuromed.org;taha.chraibi;54ld5lxp
Reda Kadiri;reda.kadiri@eidia.ueuromed.org;reda.kadiri;97wezwrq
Kenza Naciri;kenza.naciri@eidia.ueuromed.org;kenza.naciri;gl4t583w
Fatima Tazi;fatima.tazi@eidia.ueuromed.org;fatima.tazi;mc6fcp0z
Noura Raiss;noura.raiss@eidia.ueuromed.org;noura.raiss;dusuzzgy
Ismail Benjelloun;ismail.benjelloun@eidia.ueuromed.org;ismail.benjelloun;x7w77eop
Rania Chraibi;rania.chraibi@eidia.ueuromed.org;rania.chraibi;9vvj25lo
Kaoutar Tazi;kaoutar.tazi@eidia.ueuromed.org;kaoutar.tazi;33as08sg
Kenza Benali;kenza.benali@eidia.ueuromed.org;kenza.benali;brj39cbp
Rania Tahiri;rania.tahiri@eidia.ueuromed.org;rania.tahiri;xgnejn45
Ismail Fassi;ismail.fassi@eidia.ueuromed.org;ismail.fassi;cmuboicp
Ismail Kadiri;ismail.kadiri@eidia.ueuromed.org;ismail.kadiri;rod1spxi
Omar Kadiri;omar.kadiri@eidia.ueuromed.org;omar.kadiri;5xk3tynm
Taha Alami;taha.alami@eidia.ueuromed.org;taha.alami;i9drlhf8
Lamia Ouazzani;lamia.ouazzani@eidia.ueuromed.org;lamia.ouazzani;in9gyf1t
Yassine Alami;yassine.alami@eidia.ueuromed.org;yassine.alami;yvpywjzh
Yassine Filali;yassine.filali@eidia.ueuromed.org;yassine.filali;669y7u0x
Sofia Filali;sofia.filali@eidia.ueuromed.org;sofia.filali;tbmxc9vs
Sofia Talbi;sofia.talbi@eidia.ueuromed.org;sofia.talbi;uc001dyi
Ghita Tazi;ghita.tazi@eidia.ueuromed.org;ghita.tazi;s9njkme6
Sarah Mansouri;sarah.mansouri2@eidia.ueuromed.org;sarah.mansouri2;5dvapuyo
Amine Benali;amine.benali@eidia.ueuromed.org;amine.benali;bvf1qtax
Sanae Bennani;sanae.bennani@eidia.ueuromed.org;sanae.bennani;5qptrmyd
Hamza Slaoui;hamza.slaoui@eidia.ueuromed.org;hamza.slaoui;iopkgjru
Lamia Mernissi;lamia.mernissi@eidia.ueuromed.org;lamia.mernissi;aujttkjc
Youssef Idrissi;youssef.idrissi@eidia.ueuromed.org;youssef.idrissi;44k4nbqy
Anas Guedira;anas.guedira@eidia.ueuromed.org;anas.guedira;2apzrd4w
Rania Raiss;rania.raiss@eidia.ueuromed.org;rania.raiss;ipj3sacj
Ismail Fassi;ismail.fassi2@eidia.ueuromed.org;ismail.fassi2;s2igm539
Mehdi Talbi;mehdi.talbi@eidia.ueuromed.org;mehdi.talbi;qlye7a91
Walid Chaoui;walid.chaoui@eidia.ueuromed.org;walid.chaoui;6fur0ejw
