Salma Raiss;salma.raiss@eidia.ueuromed.org;salma.raiss;mgc6j9c0
Kenza Kabbaj;kenza.kabbaj@eidia.ueuromed.org;kenza.kabbaj;19wq0qsk
Sofia Kadiri;sofia.kadiri@eidia.ueuromed.org;sofia.kadiri;ec6hoksb
Anas Chaoui;anas.chaoui@eidia.ueuromed.org;anas.chaoui;616i6iy4
Salma Mansouri;salma.mansouri@eidia.ueuromed.org;salma.mansouri;hwdf8l1c
Fatima Berrada;fatima.berrada@eidia.ueuromed.org;fatima.berrada;6php87bb
Salma Daoudi;salma.daoudi@eidia.ueuromed.org;salma.daoudi;1pkxqiai
Taha Naciri;taha.naciri@eidia.ueuromed.org;taha.naciri;m15plmvo
Hassan Berrada;hassan.berrada@eidia.ueuromed.org;hassan.berrada;k8mlm2tp
Hassan Mansouri;hassan.mansouri@eidia.ueuromed.org;hassan.mansouri;55qj9g48
Fatima Raiss;fatima.raiss@eidia.ueuromed.org;fatima.raiss;7gsky63x
Rim Mernissi;rim.mernissi@eidia.ueuromed.org;rim.mernissi;rp0aoj4y
Aya Tazi;aya.tazi@eidia.ueuromed.org;aya.tazi;l2c6u6vy
Driss Talbi;driss.talbi@eidia.ueuromed.org;driss.talbi;snulwa8i
Taha Naciri;taha.naciri2@eidia.ueuromed.org;taha.naciri2;gum12oqh
Fatima Slaoui;fatima.slaoui@eidia.ueuromed.org;fatima.slaoui;tjovct8j
Mohamed Mansouri;mohamed.mansouri@eidia.ueuromed.org;mohamed.mansouri;kyv43how
Imane Kadiri;imane.kadiri@eidia.ueuromed.org;imane.kadiri;idokscv9
Lamia Talbi;lamia.talbi@eidia.ueuromed.org;lamia.talbi;9gy38lr1
Meryem Chaoui;meryem.chaoui@eidia.ueuromed.org;meryem.chaoui;244jw7om
Noura Chaoui;noura.chaoui@eidia.ueuromed.org;noura.chaoui;a0rzgl5t
Taha Raiss;taha.raiss@eidia.ueuromed.org;taha.raiss;2soc7pak
Ghita Mansouri;ghita.mansouri@eidia.ueuromed.org;ghita.mansouri;3t86w8cv
Reda Benjelloun;reda.benjelloun@eidia.ueuromed.org;reda.benjelloun;j5etjd9t
Asmaa Berrada;asmaa.berrada@eidia.ueuromed.org;asmaa.berrada;hxo4mwwj
Kaoutar Tahiri;kaoutar.tahiri@eidia.ueuromed.org;kaoutar.tahiri;ks7p4q2r
Oussama Tazi;oussama.tazi@eidia.ueuromed.org;oussama.tazi;vhyazuiw
Anas Daoudi;anas.daoudi@eidia.ueuromed.org;anas.daoudi;bg94m768
Walid El Amrani;walid.el amrani@eidia.ueuromed.org;walid.el amrani;9iq4gc1s
Meryem Idrissi;meryem.idrissi@eidia.ueuromed.org;meryem.idrissi;x0li1gug
Houda Kadiri;houda.kadiri@eidia.ueuromed.org;houda.kadiri;1bf67p7i
Houda Bennani;houda.bennani@eidia.ueuromed.org;houda.bennani;x2yszlvs
Ali Slaoui;ali.slaoui@eidia.ueuromed.org;ali.slaoui;yhb58h80
Rania Daoudi;rania.daoudi2@eidia.ueuromed.org;rania.daoudi2;egxtqath
Meryem Ouazzani;meryem.ouazzani@eidia.ueuromed.org;meryem.ouazzani;0jekmgxp
Sarah Naciri;sarah.naciri@eidia.ueuromed.org;sarah.naciri;szmr7o2j
Oussama Guedira;oussama.guedira@eidia.ueuromed.org;oussama.guedira;y3yk56k8
Karim Mansouri;karim.mansouri@eidia.ueuromed.org;karim.mansouri;715g1840
Reda Benali;reda.benali@eidia.ueuromed.org;reda.benali;loix9kmv
Aya Slaoui;aya.slaoui@eidia.ueuromed.org;aya.slaoui;75xlwg23
Omar Slaoui;omar.slaoui@eidia.ueuromed.org;omar.slaoui;o2tpwdq3
Reda Chraibi;reda.chraibi@eidia.ueuromed.org;reda.chraibi;8v5vodnr
Noura Tahiri;noura.tahiri@eidia.ueuromed.org;noura.tahiri;3jvljxf7
Asmaa Mansouri;asmaa.mansouri@eidia.ueuromed.org;asmaa.mansouri;8zkotww6
Ali Zerrad;ali.zerrad@eidia.ueuromed.org;ali.zerrad;i7vqx5uv
Rim Guedira;rim.guedira@eidia.ueuromed.org;rim.guedira;yqrv5xul
Kenza Daoudi;kenza.daoudi@eidia.ueuromed.org;kenza.daoudi;9dg1jlja
Amine Mernissi;amine.mernissi@eidia.ueuromed.org;amine.mernissi;fsiy6rtm
Hamza Alami;hamza.alami@eidia.ueuromed.org;hamza.alami;w6llmzhn
Anas Chaoui;anas.chaoui2@eidia.ueuromed.org;anas.chaoui2;10pfj8yw
Walid Slaoui;walid.slaoui@eidia.ueuromed.org;walid.slaoui;yeekcsup
Omar El Amrani;omar.el amrani@eidia.ueuromed.org;omar.el amrani;uqt2330y
Amine Ouazzani;amine.ouazzani@eidia.ueuromed.org;amine.ouazzani;7qmyxhrm
Karim Bennani;karim.bennani@eidia.ueuromed.org;karim.bennani;zjhyezyz
Driss Talbi;driss.talbi2@eidia.ueuromed.org;driss.talbi2;mmatjpv2
